<?xml version="1.0" encoding="UTF-8"?>
<Configuration status="WARN" name="ChatLogger">
    <Properties>
        <Property name="LOG_PATTERN">%d{HH:mm:ss.SSS} [%t] %-5level %logger{36} - %m%n</Property>
        <Property name="APP_LOG_ROOT"
            value="logs\\">
        </Property>
    </Properties>
    <Appenders>
        <RollingFile name="infoLog"
            fileName="${APP_LOG_ROOT}info.log"
            filePattern="${APP_LOG_ROOT}info-%i.log">
            <LevelRangeFilter minLevel="INFO"
                maxLevel="INFO" onMatch="ACCEPT" />
            <PatternLayout pattern="${LOG_PATTERN}" />
            <Policies>
                <SizeBasedTriggeringPolicy
                    size="10KB" />
            </Policies>
            <DefaultRolloverStrategy min="1" max="10"/>
        </RollingFile>
        <RollingFile name="errorLog"
            fileName="${APP_LOG_ROOT}\\error.log"
            filePattern="${APP_LOG_ROOT}\\error-%i.log">
            <LevelRangeFilter minLevel="ERROR"
                maxLevel="ERROR" onMatch="ACCEPT" />
            <PatternLayout pattern="${LOG_PATTERN}" />
            <Policies>
                <SizeBasedTriggeringPolicy
                    size="1KB" />
            </Policies>
            <DefaultRolloverStrategy min="1" max="10"/>
        </RollingFile>
    </Appenders>
    <Loggers>
        <Root level="trace">
            <AppenderRef ref="infoLog" />
            <AppenderRef ref="errorLog" />
        </Root>
    </Loggers>
</Configuration>